[
{
  "model": "models_examples.agent",
  "pk": 1,
  "fields": {
    "name": "Maximilian Gummischuh",
    "email": "max@immo.de",
    "phone": "030-12345",
    "is_active": true,
    "joined_date": "2025-11-14",
    "hobby": null
  }
},
{
  "model": "models_examples.agent",
  "pk": 4,
  "fields": {
    "name": "Elisabeth Kästner",
    "email": "e.k@immo.de",
    "phone": "030-12345",
    "is_active": true,
    "joined_date": "2025-11-14",
    "hobby": null
  }
},
{
  "model": "models_examples.agent",
  "pk": 6,
  "fields": {
    "name": "Adelheid Gustavson",
    "email": "adele@immo.net",
    "phone": null,
    "is_active": true,
    "joined_date": "2025-11-14",
    "hobby": "Tennis"
  }
},
{
  "model": "models_examples.property",
  "pk": 1,
  "fields": {
    "title": "Sonnige 3-Zimmer-Wohnung",
    "description": "",
    "address": "Hauptstr. 1, 10115 Berlin",
    "price": "450000.00",
    "bedrooms": 3,
    "bathrooms": 1.5,
    "property_type": "apartment",
    "status": "for_sale",
    "listed_date": "2025-11-14T10:17:21.467Z",
    "updated_at": "2025-11-14T10:17:21.467Z"
  }
},
{
  "model": "models_examples.property",
  "pk": 2,
  "fields": {
    "title": "Maissonette",
    "description": "",
    "address": "Hinterm Wald 2",
    "price": "1500000.00",
    "bedrooms": 2,
    "bathrooms": 4.0,
    "property_type": "land",
    "status": "for_sale",
    "listed_date": "2025-11-14T10:20:12.402Z",
    "updated_at": "2025-11-14T10:21:27.118Z"
  }
},
{
  "model": "models_examples.property",
  "pk": 3,
  "fields": {
    "title": "Luxus Villa mit Pool und Bar",
    "description": "auf der sonnigen Insel Mallorca finden wir eine tolle Villa mit Pool und Bar",
    "address": "Malle",
    "price": "3000000.00",
    "bedrooms": 4,
    "bathrooms": 5.5,
    "property_type": "house",
    "status": "sold",
    "listed_date": "2025-11-14T10:52:27Z",
    "updated_at": "2025-11-14T10:55:12.030Z"
  }
},
{
  "model": "models_relations.author",
  "pk": 1,
  "fields": {
    "name": "Dan Brown"
  }
},
{
  "model": "models_relations.author",
  "pk": 3,
  "fields": {
    "name": "Arthur Conan Doyle"
  }
},
{
  "model": "models_relations.author",
  "pk": 4,
  "fields": {
    "name": "Marc Aurelius"
  }
},
{
  "model": "models_relations.book",
  "pk": 1,
  "fields": {
    "title": "Illuminati",
    "author": 1
  }
},
{
  "model": "models_relations.book",
  "pk": 5,
  "fields": {
    "title": "The Hound of Baskertville",
    "author": 3
  }
},
{
  "model": "models_relations.book",
  "pk": 6,
  "fields": {
    "title": "Meditations",
    "author": 4
  }
},
{
  "model": "models_relations.book",
  "pk": 7,
  "fields": {
    "title": "Selbstbetrachtungen",
    "author": 4
  }
},
{
  "model": "models_relations.person",
  "pk": 1,
  "fields": {
    "name": "Harry"
  }
},
{
  "model": "models_relations.person",
  "pk": 2,
  "fields": {
    "name": "Mary"
  }
},
{
  "model": "models_relations.person",
  "pk": 3,
  "fields": {
    "name": "Donna"
  }
},
{
  "model": "models_relations.passport",
  "pk": 2,
  "fields": {
    "pass_number": 12333,
    "person": 2
  }
},
{
  "model": "models_relations.passport",
  "pk": 3,
  "fields": {
    "pass_number": 44,
    "person": 3
  }
},
{
  "model": "models_relations.student",
  "pk": 1,
  "fields": {
    "name": "Student 1"
  }
},
{
  "model": "models_relations.student",
  "pk": 2,
  "fields": {
    "name": "Student 2"
  }
},
{
  "model": "models_relations.student",
  "pk": 3,
  "fields": {
    "name": "Student 3"
  }
},
{
  "model": "models_relations.student",
  "pk": 4,
  "fields": {
    "name": "Student 4"
  }
},
{
  "model": "models_relations.student",
  "pk": 5,
  "fields": {
    "name": "Student 5"
  }
},
{
  "model": "models_relations.student",
  "pk": 6,
  "fields": {
    "name": "Student 6"
  }
},
{
  "model": "models_relations.student",
  "pk": 7,
  "fields": {
    "name": "Student 7"
  }
},
{
  "model": "models_relations.student",
  "pk": 8,
  "fields": {
    "name": "Student 8"
  }
},
{
  "model": "models_relations.student",
  "pk": 9,
  "fields": {
    "name": "Student 9"
  }
},
{
  "model": "models_relations.student",
  "pk": 10,
  "fields": {
    "name": "Student 10"
  }
},
{
  "model": "models_relations.student",
  "pk": 11,
  "fields": {
    "name": "Student 11"
  }
},
{
  "model": "models_relations.student",
  "pk": 12,
  "fields": {
    "name": "Student 12"
  }
},
{
  "model": "models_relations.student",
  "pk": 13,
  "fields": {
    "name": "Student 13"
  }
},
{
  "model": "models_relations.student",
  "pk": 14,
  "fields": {
    "name": "Student 14"
  }
},
{
  "model": "models_relations.student",
  "pk": 15,
  "fields": {
    "name": "Student 15"
  }
},
{
  "model": "models_relations.student",
  "pk": 16,
  "fields": {
    "name": "Student 16"
  }
},
{
  "model": "models_relations.student",
  "pk": 17,
  "fields": {
    "name": "Student 17"
  }
},
{
  "model": "models_relations.student",
  "pk": 18,
  "fields": {
    "name": "Student 18"
  }
},
{
  "model": "models_relations.student",
  "pk": 19,
  "fields": {
    "name": "Student 19"
  }
},
{
  "model": "models_relations.student",
  "pk": 20,
  "fields": {
    "name": "Student 20"
  }
},
{
  "model": "models_relations.course",
  "pk": 1,
  "fields": {
    "title": "Mathematik Grundlagen",
    "students": [
      1,
      5,
      6,
      8,
      15,
      17,
      19,
      20
    ]
  }
},
{
  "model": "models_relations.course",
  "pk": 2,
  "fields": {
    "title": "Informatik I",
    "students": [
      1,
      2,
      6,
      7,
      11,
      18
    ]
  }
},
{
  "model": "models_relations.course",
  "pk": 3,
  "fields": {
    "title": "BWL Einführung",
    "students": [
      4,
      6,
      8,
      9,
      10,
      12,
      15,
      17,
      19,
      20
    ]
  }
},
{
  "model": "models_relations.course",
  "pk": 4,
  "fields": {
    "title": "Physik für Fortgeschrittene",
    "students": [
      2,
      3,
      12,
      16,
      20
    ]
  }
},
{
  "model": "models_relations.course",
  "pk": 5,
  "fields": {
    "title": "Web Development",
    "students": [
      3,
      5,
      8,
      10,
      13,
      15,
      18,
      20
    ]
  }
},
{
  "model": "models_relations.course",
  "pk": 6,
  "fields": {
    "title": "Datenbanken",
    "students": [
      3,
      8,
      9,
      12,
      13
    ]
  }
},
{
  "model": "models_relations.product",
  "pk": 1,
  "fields": {
    "name": "Produkt 1",
    "price": "446.97"
  }
},
{
  "model": "models_relations.product",
  "pk": 2,
  "fields": {
    "name": "Produkt 2",
    "price": "618.46"
  }
},
{
  "model": "models_relations.product",
  "pk": 3,
  "fields": {
    "name": "Produkt 3",
    "price": "507.27"
  }
},
{
  "model": "models_relations.product",
  "pk": 4,
  "fields": {
    "name": "Produkt 4",
    "price": "335.35"
  }
},
{
  "model": "models_relations.product",
  "pk": 5,
  "fields": {
    "name": "Produkt 5",
    "price": "650.02"
  }
},
{
  "model": "models_relations.product",
  "pk": 6,
  "fields": {
    "name": "Produkt 6",
    "price": "507.37"
  }
},
{
  "model": "models_relations.product",
  "pk": 7,
  "fields": {
    "name": "Produkt 7",
    "price": "318.65"
  }
},
{
  "model": "models_relations.product",
  "pk": 8,
  "fields": {
    "name": "Produkt 8",
    "price": "501.11"
  }
},
{
  "model": "models_relations.product",
  "pk": 9,
  "fields": {
    "name": "Produkt 9",
    "price": "361.28"
  }
},
{
  "model": "models_relations.product",
  "pk": 10,
  "fields": {
    "name": "Produkt 10",
    "price": "66.10"
  }
},
{
  "model": "models_relations.product",
  "pk": 11,
  "fields": {
    "name": "Produkt 11",
    "price": "960.71"
  }
},
{
  "model": "models_relations.product",
  "pk": 12,
  "fields": {
    "name": "Produkt 12",
    "price": "177.28"
  }
},
{
  "model": "models_relations.product",
  "pk": 13,
  "fields": {
    "name": "Produkt 13",
    "price": "217.30"
  }
},
{
  "model": "models_relations.product",
  "pk": 14,
  "fields": {
    "name": "Produkt 14",
    "price": "119.57"
  }
},
{
  "model": "models_relations.product",
  "pk": 15,
  "fields": {
    "name": "Produkt 15",
    "price": "244.74"
  }
},
{
  "model": "models_relations.product",
  "pk": 16,
  "fields": {
    "name": "Produkt 16",
    "price": "853.98"
  }
},
{
  "model": "models_relations.product",
  "pk": 17,
  "fields": {
    "name": "Produkt 17",
    "price": "264.21"
  }
},
{
  "model": "models_relations.product",
  "pk": 18,
  "fields": {
    "name": "Produkt 18",
    "price": "274.63"
  }
},
{
  "model": "models_relations.product",
  "pk": 19,
  "fields": {
    "name": "Produkt 19",
    "price": "874.50"
  }
},
{
  "model": "models_relations.product",
  "pk": 20,
  "fields": {
    "name": "Produkt 20",
    "price": "280.93"
  }
},
{
  "model": "models_relations.category",
  "pk": 1,
  "fields": {
    "name": "Elektronik"
  }
},
{
  "model": "models_relations.category",
  "pk": 2,
  "fields": {
    "name": "Kleidung"
  }
},
{
  "model": "models_relations.category",
  "pk": 3,
  "fields": {
    "name": "Haushalt"
  }
},
{
  "model": "models_relations.category",
  "pk": 4,
  "fields": {
    "name": "Bücher"
  }
},
{
  "model": "models_relations.category",
  "pk": 5,
  "fields": {
    "name": "Sport"
  }
},
{
  "model": "models_relations.between",
  "pk": 1,
  "fields": {
    "product": 7,
    "category": 1,
    "creation_date": "2025-11-18T10:00:06.578Z"
  }
},
{
  "model": "models_relations.between",
  "pk": 2,
  "fields": {
    "product": 4,
    "category": 1,
    "creation_date": "2025-11-18T10:00:06.580Z"
  }
},
{
  "model": "models_relations.between",
  "pk": 3,
  "fields": {
    "product": 9,
    "category": 1,
    "creation_date": "2025-11-18T10:00:06.580Z"
  }
},
{
  "model": "models_relations.between",
  "pk": 4,
  "fields": {
    "product": 20,
    "category": 1,
    "creation_date": "2025-11-18T10:00:06.581Z"
  }
},
{
  "model": "models_relations.between",
  "pk": 5,
  "fields": {
    "product": 13,
    "category": 1,
    "creation_date": "2025-11-18T10:00:06.582Z"
  }
},
{
  "model": "models_relations.between",
  "pk": 6,
  "fields": {
    "product": 14,
    "category": 2,
    "creation_date": "2025-11-18T10:00:06.583Z"
  }
},
{
  "model": "models_relations.between",
  "pk": 7,
  "fields": {
    "product": 20,
    "category": 2,
    "creation_date": "2025-11-18T10:00:06.584Z"
  }
},
{
  "model": "models_relations.between",
  "pk": 8,
  "fields": {
    "product": 17,
    "category": 2,
    "creation_date": "2025-11-18T10:00:06.585Z"
  }
},
{
  "model": "models_relations.between",
  "pk": 9,
  "fields": {
    "product": 19,
    "category": 2,
    "creation_date": "2025-11-18T10:00:06.585Z"
  }
},
{
  "model": "models_relations.between",
  "pk": 10,
  "fields": {
    "product": 8,
    "category": 2,
    "creation_date": "2025-11-18T10:00:06.586Z"
  }
},
{
  "model": "models_relations.between",
  "pk": 11,
  "fields": {
    "product": 7,
    "category": 3,
    "creation_date": "2025-11-18T10:00:06.586Z"
  }
},
{
  "model": "models_relations.between",
  "pk": 12,
  "fields": {
    "product": 4,
    "category": 3,
    "creation_date": "2025-11-18T10:00:06.587Z"
  }
},
{
  "model": "models_relations.between",
  "pk": 13,
  "fields": {
    "product": 10,
    "category": 3,
    "creation_date": "2025-11-18T10:00:06.588Z"
  }
},
{
  "model": "models_relations.between",
  "pk": 14,
  "fields": {
    "product": 19,
    "category": 3,
    "creation_date": "2025-11-18T10:00:06.588Z"
  }
},
{
  "model": "models_relations.between",
  "pk": 15,
  "fields": {
    "product": 3,
    "category": 3,
    "creation_date": "2025-11-18T10:00:06.589Z"
  }
},
{
  "model": "models_relations.between",
  "pk": 16,
  "fields": {
    "product": 1,
    "category": 4,
    "creation_date": "2025-11-18T10:00:06.589Z"
  }
},
{
  "model": "models_relations.between",
  "pk": 17,
  "fields": {
    "product": 6,
    "category": 4,
    "creation_date": "2025-11-18T10:00:06.590Z"
  }
},
{
  "model": "models_relations.between",
  "pk": 18,
  "fields": {
    "product": 9,
    "category": 4,
    "creation_date": "2025-11-18T10:00:06.590Z"
  }
},
{
  "model": "models_relations.between",
  "pk": 19,
  "fields": {
    "product": 20,
    "category": 4,
    "creation_date": "2025-11-18T10:00:06.591Z"
  }
},
{
  "model": "models_relations.between",
  "pk": 20,
  "fields": {
    "product": 18,
    "category": 4,
    "creation_date": "2025-11-18T10:00:06.591Z"
  }
},
{
  "model": "models_relations.between",
  "pk": 21,
  "fields": {
    "product": 10,
    "category": 4,
    "creation_date": "2025-11-18T10:00:06.592Z"
  }
},
{
  "model": "models_relations.between",
  "pk": 22,
  "fields": {
    "product": 5,
    "category": 5,
    "creation_date": "2025-11-18T10:00:06.592Z"
  }
},
{
  "model": "models_relations.between",
  "pk": 23,
  "fields": {
    "product": 10,
    "category": 5,
    "creation_date": "2025-11-18T10:00:06.593Z"
  }
},
{
  "model": "models_relations.between",
  "pk": 24,
  "fields": {
    "product": 3,
    "category": 5,
    "creation_date": "2025-11-18T10:00:06.593Z"
  }
},
{
  "model": "models_relations.between",
  "pk": 25,
  "fields": {
    "product": 14,
    "category": 5,
    "creation_date": "2025-11-18T10:00:06.594Z"
  }
},
{
  "model": "bia_forms.signallog",
  "pk": 1,
  "fields": {
    "frequency": 3847.384,
    "signal_type": "noise",
    "intensity": 5,
    "received_date": "2025-11-20",
    "decoded_message": "Hilf ich habe eine Kakerlaken Armee auf dem Weg zu uns entdeckt",
    "created_at": "2025-11-20T07:56:06.827Z"
  }
},
{
  "model": "bia_forms.signallog",
  "pk": 2,
  "fields": {
    "frequency": 3434.3,
    "signal_type": "pulsar",
    "intensity": 93,
    "received_date": "2025-12-06",
    "decoded_message": "Pulsar im Anflug, bitte Terra Nova Schutzschild aktivieren.",
    "created_at": "2025-11-20T08:24:47.567Z"
  }
},
{
  "model": "bia_forms.signallog",
  "pk": 3,
  "fields": {
    "frequency": 345.4,
    "signal_type": "noise",
    "intensity": 8,
    "received_date": "2025-11-14",
    "decoded_message": "yoa nix halt",
    "created_at": "2025-11-20T08:28:04.506Z"
  }
},
{
  "model": "bia_forms.signallog",
  "pk": 4,
  "fields": {
    "frequency": 343.3,
    "signal_type": "intelligent",
    "intensity": 6,
    "received_date": "2025-11-01",
    "decoded_message": "Bieps und Pieps",
    "created_at": "2025-11-20T08:32:35.593Z"
  }
},
{
  "model": "bia_forms.agent",
  "pk": 2,
  "fields": {
    "full_name": "Ridley Scott",
    "email": "ridley@aliens.net",
    "codename": "falcon",
    "years_of_experience": 80,
    "special_skills": "Alien Angriff-Überlebende",
    "agrees_to_memory_wipe": true
  }
},
{
  "model": "bia_forms.agent",
  "pk": 3,
  "fields": {
    "full_name": "Johannes Hölzel",
    "email": "amadeus@ohoh.amadeus",
    "codename": "falcon",
    "years_of_experience": 20,
    "special_skills": "Alles klar, Herr Komissar",
    "agrees_to_memory_wipe": true
  }
},
{
  "model": "bia_forms.agent",
  "pk": 6,
  "fields": {
    "full_name": "Stefan Stark",
    "email": "s.stark@unterfranke.fr",
    "codename": "ghost",
    "years_of_experience": 60,
    "special_skills": "Master of Chaos",
    "agrees_to_memory_wipe": true
  }
},
{
  "model": "bia_forms.agent",
  "pk": 7,
  "fields": {
    "full_name": "Freddie",
    "email": "freddie@queen.co.uk",
    "codename": "falcon",
    "years_of_experience": 25,
    "special_skills": "Voice of Heaven",
    "agrees_to_memory_wipe": true
  }
},
{
  "model": "bia_forms.artifact",
  "pk": 1,
  "fields": {
    "name": "21. Jh Ionen Reaktor",
    "discovery_date": "2025-11-29",
    "origin_sector": "Alpha Quadrant",
    "threat_level": "medium",
    "is_radioactive": false,
    "description": "jo ist verrotstet"
  }
},
{
  "model": "bia_forms.artifact",
  "pk": 2,
  "fields": {
    "name": "Artefakt 2",
    "discovery_date": "2025-11-01",
    "origin_sector": "ULm",
    "threat_level": "low",
    "is_radioactive": true,
    "description": "Whatever"
  }
},
{
  "model": "bia_forms.artifact",
  "pk": 3,
  "fields": {
    "name": "Artefakt 3 edited",
    "discovery_date": "2025-11-01",
    "origin_sector": "München edited",
    "threat_level": "high",
    "is_radioactive": false,
    "description": "Bier edited"
  }
},
{
  "model": "bia_forms.artifact",
  "pk": 4,
  "fields": {
    "name": "Artefakt 4",
    "discovery_date": "2025-11-23",
    "origin_sector": "Hamburg",
    "threat_level": "critical",
    "is_radioactive": true,
    "description": "Verrückte Norddeutsche"
  }
},
{
  "model": "bia_forms.artifact",
  "pk": 5,
  "fields": {
    "name": "Artefakt 6",
    "discovery_date": "2025-11-02",
    "origin_sector": "Paris",
    "threat_level": "low",
    "is_radioactive": true,
    "description": "Eiffelturm als Spionagemast überprüfen"
  }
},
{
  "model": "auth.group",
  "fields": {
    "name": "Movie Hero",
    "permissions": [
      [
        "add_movie",
        "movies",
        "movie"
      ],
      [
        "change_movie",
        "movies",
        "movie"
      ],
      [
        "delete_movie",
        "movies",
        "movie"
      ],
      [
        "view_movie",
        "movies",
        "movie"
      ]
    ]
  }
},
{
  "model": "auth.user",
  "fields": {
    "password": "pbkdf2_sha256$1000000$jv0idcMPPS77N5MSbekwjm$RoDdqDG9Ao5mipkHwVwzkzeAJdZd5ijEmQj0lxVsJ2Q=",
    "last_login": "2025-11-26T09:15:53.567Z",
    "is_superuser": true,
    "username": "admin",
    "first_name": "",
    "last_name": "",
    "email": "",
    "is_staff": true,
    "is_active": true,
    "date_joined": "2025-11-14T10:46:28.036Z",
    "groups": [],
    "user_permissions": []
  }
},
{
  "model": "auth.user",
  "fields": {
    "password": "pbkdf2_sha256$1000000$GfqllpglMkbhOFtiEOhXPE$phvELZRbsuAX6Kq+oGhR/scwKkWZcoALOI7moAuoeKY=",
    "last_login": "2025-11-24T11:27:48.068Z",
    "is_superuser": false,
    "username": "Luffy",
    "first_name": "Luffy",
    "last_name": "Monkey D.",
    "email": "bla@bla.de",
    "is_staff": false,
    "is_active": true,
    "date_joined": "2025-11-24T09:22:02.351Z",
    "groups": [],
    "user_permissions": []
  }
},
{
  "model": "auth.user",
  "fields": {
    "password": "pbkdf2_sha256$1000000$FdTNHAJdHg8d50LLjhq7s2$lNdbjCJPLv0bYfNhkUjoTi6Ezu8EwopKR71t/3ZniII=",
    "last_login": null,
    "is_superuser": false,
    "username": "Zorro",
    "first_name": "Roronor",
    "last_name": "Zorro",
    "email": "bla@bla.de",
    "is_staff": false,
    "is_active": true,
    "date_joined": "2025-11-24T09:24:51.726Z",
    "groups": [],
    "user_permissions": []
  }
},
{
  "model": "auth.user",
  "fields": {
    "password": "pbkdf2_sha256$1000000$RBvQl9WbtYAH851KKpYRTK$nFBvBhFWsP9VUhnwGTUfoVFON+YSKTdoBXmN21I786E=",
    "last_login": null,
    "is_superuser": false,
    "username": "Nami",
    "first_name": "Nami",
    "last_name": "Navigator",
    "email": "bla@bla.de",
    "is_staff": false,
    "is_active": true,
    "date_joined": "2025-11-24T09:31:31.566Z",
    "groups": [],
    "user_permissions": []
  }
},
{
  "model": "auth.user",
  "fields": {
    "password": "pbkdf2_sha256$1000000$FvyM895CTFEVXjPexga5M3$JgN14qses1FUEBJraQCREcZd0Yh/MBF/QCoR24EuFxY=",
    "last_login": "2025-11-25T10:05:48.276Z",
    "is_superuser": false,
    "username": "Chooper",
    "first_name": "Chooper",
    "last_name": "Arzt",
    "email": "bla@bla.de",
    "is_staff": true,
    "is_active": true,
    "date_joined": "2025-11-24T10:37:04Z",
    "groups": [
      [
        "Movie Hero"
      ]
    ],
    "user_permissions": [
      [
        "add_agent",
        "bia_forms",
        "agent"
      ],
      [
        "change_agent",
        "bia_forms",
        "agent"
      ],
      [
        "delete_agent",
        "bia_forms",
        "agent"
      ],
      [
        "view_agent",
        "bia_forms",
        "agent"
      ]
    ]
  }
},
{
  "model": "sessions.session",
  "pk": "ao9dkldudtzluvkn04p2d049a7i12pzi",
  "fields": {
    "session_data": "e30:1vNUGv:lVVKd6bLh7S7nRTY_QX09aivYf9GuF-5dXXIjgfTCJI",
    "expire_date": "2025-12-08T10:58:17.715Z"
  }
},
{
  "model": "sessions.session",
  "pk": "d7ialw9uiedefnpxmcstflg6sevxttly",
  "fields": {
    "session_data": "e30:1vNUFX:3Z4R2_o8ehJCjYgKBkbgOA8lsjpI9xJsFerL1SZ6tB0",
    "expire_date": "2025-12-08T10:56:51.472Z"
  }
},
{
  "model": "sessions.session",
  "pk": "epmx1ikbqarfqow2q1fxbisewkcmfrtd",
  "fields": {
    "session_data": ".eJxVjDsOwjAQBe_iGln-xllK-pzBWq83OIAcKU4qxN1JpBTQvpl5bxFxW0vcGi9xyuIqtLj8bgnpyfUA-YH1Pkua67pMSR6KPGmTw5z5dTvdv4OCrey1wc4GpzJ3nhUlO4ICsIYJjfEwOm9Bgzfseh9Sr8koZR0EQtq1jCw-X8NNNxw:1vOBcv:cAIse11oHvKImD3cimhy_Iy_EO3Uj3ASvu6khqlURpc",
    "expire_date": "2025-12-10T09:15:53.569Z"
  }
},
{
  "model": "sessions.session",
  "pk": "nyane601vx4fh5zik9ucnrl616tvu5z2",
  "fields": {
    "session_data": ".eJxVjM1qAyEUhV9F7qqFMDj-ZGKWWWXTVR5guOq1mg5aRmfTknePgRAInNU53_n-oW6_tM6NaoMjnHFZCksuMpsy6_G0sgvVmkpmfxsLKXvK7COWECi3pZOfsIOtdkXycByFVHoHM24tzq8WRnjrLLofyo_BXzF_l8GV3NZkhwcyPNc6fBVPy-nJvgki1tjfAvdyUtzTXhN3VgbDjZGCHAqhTVBamtFoQeqgJ3sYneBcKjM5dB3zSHC7A6qgU30:1vJre8:zBW0UHxULabCoe4hq1HbGzr17niIY6Lcuchip47nfL8",
    "expire_date": "2025-11-28T11:07:16.504Z"
  }
},
{
  "model": "sessions.session",
  "pk": "sy1hdhdhtvzwlz9hs7dew6zxekedmj33",
  "fields": {
    "session_data": ".eJxVjDsOwjAQBe_iGln-xllK-pzBWq83OIAcKU4qxN1JpBTQvpl5bxFxW0vcGi9xyuIqtLj8bgnpyfUA-YH1Pkua67pMSR6KPGmTw5z5dTvdv4OCrey1wc4GpzJ3nhUlO4ICsIYJjfEwOm9Bgzfseh9Sr8koZR0EQtq1jCw-X8NNNxw:1vOBcA:mym21dSBNnylKd2cWMx7xG5YDzFf5MEg8rQ_-aqIQiI",
    "expire_date": "2025-12-10T09:15:06.291Z"
  }
},
{
  "model": "sessions.session",
  "pk": "yjn4m2yuwne8fu0g16znwydjfbmjyagv",
  "fields": {
    "session_data": ".eJxVjM1qAyEUhV9F7qqFMDj-ZGKWWWXTVR5guOq1mg5aRmfTknePgRAInNU53_n-oW6_tM6NaoMjnHFZCksuMpsy6_G0sgvVmkpmfxsLKXvK7COWECi3pZOfsIOtdkXycByFVHoHM24tzq8WRnjrLLofyo_BXzF_l8GV3NZkhwcyPNc6fBVPy-nJvgki1tjfAvdyUtzTXhN3VgbDjZGCHAqhTVBamtFoQeqgJ3sYneBcKjM5dB3zSHC7A6qgU30:1vLIfL:qQK5_21yU5jmAhURATajmIJzZ-2_SCSHpYIf33nJuAY",
    "expire_date": "2025-12-02T10:10:27.682Z"
  }
},
{
  "model": "admin.logentry",
  "pk": 1,
  "fields": {
    "action_time": "2025-11-14T10:53:55.034Z",
    "user": [
      "admin"
    ],
    "content_type": [
      "models_examples",
      "property"
    ],
    "object_id": "3",
    "object_repr": "Luxus Villa mit Pool",
    "action_flag": 1,
    "change_message": "[{\"added\": {}}]"
  }
},
{
  "model": "admin.logentry",
  "pk": 2,
  "fields": {
    "action_time": "2025-11-14T10:55:12.031Z",
    "user": [
      "admin"
    ],
    "content_type": [
      "models_examples",
      "property"
    ],
    "object_id": "3",
    "object_repr": "Luxus Villa mit Pool und Bar",
    "action_flag": 2,
    "change_message": "[{\"changed\": {\"fields\": [\"Titel des Expos\\u00e9s\", \"Schlafzimmer\", \"Badezimmer\", \"Status\"]}}]"
  }
},
{
  "model": "admin.logentry",
  "pk": 3,
  "fields": {
    "action_time": "2025-11-14T10:56:07.147Z",
    "user": [
      "admin"
    ],
    "content_type": [
      "models_examples",
      "agent"
    ],
    "object_id": "2",
    "object_repr": "Erika Musterfrau",
    "action_flag": 3,
    "change_message": ""
  }
},
{
  "model": "admin.logentry",
  "pk": 4,
  "fields": {
    "action_time": "2025-11-14T11:07:33.553Z",
    "user": [
      "admin"
    ],
    "content_type": [
      "models_examples",
      "agent"
    ],
    "object_id": "6",
    "object_repr": "Adelheid Gustavson",
    "action_flag": 2,
    "change_message": "[{\"changed\": {\"fields\": [\"Hobby\"]}}]"
  }
},
{
  "model": "admin.logentry",
  "pk": 5,
  "fields": {
    "action_time": "2025-11-18T07:52:51.809Z",
    "user": [
      "admin"
    ],
    "content_type": [
      "models_relations",
      "book"
    ],
    "object_id": "1",
    "object_repr": "Illuminati by Dan Brown",
    "action_flag": 2,
    "change_message": "[]"
  }
},
{
  "model": "admin.logentry",
  "pk": 6,
  "fields": {
    "action_time": "2025-11-18T07:53:20.177Z",
    "user": [
      "admin"
    ],
    "content_type": [
      "models_relations",
      "book"
    ],
    "object_id": "2",
    "object_repr": "Sakrileg by Dan Brown",
    "action_flag": 1,
    "change_message": "[{\"added\": {}}]"
  }
},
{
  "model": "admin.logentry",
  "pk": 7,
  "fields": {
    "action_time": "2025-11-18T07:53:36.568Z",
    "user": [
      "admin"
    ],
    "content_type": [
      "models_relations",
      "book"
    ],
    "object_id": "3",
    "object_repr": "Inferno by Dan Brown",
    "action_flag": 1,
    "change_message": "[{\"added\": {}}]"
  }
},
{
  "model": "admin.logentry",
  "pk": 8,
  "fields": {
    "action_time": "2025-11-18T07:54:07.788Z",
    "user": [
      "admin"
    ],
    "content_type": [
      "models_relations",
      "author"
    ],
    "object_id": "2",
    "object_repr": "Marc Aurelius",
    "action_flag": 1,
    "change_message": "[{\"added\": {}}]"
  }
},
{
  "model": "admin.logentry",
  "pk": 9,
  "fields": {
    "action_time": "2025-11-18T07:54:22.899Z",
    "user": [
      "admin"
    ],
    "content_type": [
      "models_relations",
      "author"
    ],
    "object_id": "3",
    "object_repr": "Arthur Conan Doyle",
    "action_flag": 1,
    "change_message": "[{\"added\": {}}]"
  }
},
{
  "model": "admin.logentry",
  "pk": 10,
  "fields": {
    "action_time": "2025-11-18T07:54:50.135Z",
    "user": [
      "admin"
    ],
    "content_type": [
      "models_relations",
      "book"
    ],
    "object_id": "4",
    "object_repr": "Irgendetwas mit Glück by Marc Aurelius",
    "action_flag": 1,
    "change_message": "[{\"added\": {}}]"
  }
},
{
  "model": "admin.logentry",
  "pk": 11,
  "fields": {
    "action_time": "2025-11-18T07:55:14.398Z",
    "user": [
      "admin"
    ],
    "content_type": [
      "models_relations",
      "book"
    ],
    "object_id": "5",
    "object_repr": "The Hound of Baskertville by Arthur Conan Doyle",
    "action_flag": 1,
    "change_message": "[{\"added\": {}}]"
  }
},
{
  "model": "admin.logentry",
  "pk": 12,
  "fields": {
    "action_time": "2025-11-18T07:57:19.357Z",
    "user": [
      "admin"
    ],
    "content_type": [
      "models_relations",
      "book"
    ],
    "object_id": "3",
    "object_repr": "Inferno by Dan Brown",
    "action_flag": 3,
    "change_message": ""
  }
},
{
  "model": "admin.logentry",
  "pk": 13,
  "fields": {
    "action_time": "2025-11-18T07:58:00.724Z",
    "user": [
      "admin"
    ],
    "content_type": [
      "models_relations",
      "author"
    ],
    "object_id": "2",
    "object_repr": "Marc Aurelius",
    "action_flag": 3,
    "change_message": ""
  }
},
{
  "model": "admin.logentry",
  "pk": 14,
  "fields": {
    "action_time": "2025-11-18T08:27:52.837Z",
    "user": [
      "admin"
    ],
    "content_type": [
      "models_relations",
      "person"
    ],
    "object_id": "2",
    "object_repr": "Mary",
    "action_flag": 1,
    "change_message": "[{\"added\": {}}]"
  }
},
{
  "model": "admin.logentry",
  "pk": 15,
  "fields": {
    "action_time": "2025-11-18T08:28:12.519Z",
    "user": [
      "admin"
    ],
    "content_type": [
      "models_relations",
      "passport"
    ],
    "object_id": "2",
    "object_repr": "12333 from Mary",
    "action_flag": 1,
    "change_message": "[{\"added\": {}}]"
  }
},
{
  "model": "admin.logentry",
  "pk": 16,
  "fields": {
    "action_time": "2025-11-18T08:29:05.009Z",
    "user": [
      "admin"
    ],
    "content_type": [
      "models_relations",
      "person"
    ],
    "object_id": "3",
    "object_repr": "Donna",
    "action_flag": 1,
    "change_message": "[{\"added\": {}}]"
  }
},
{
  "model": "admin.logentry",
  "pk": 17,
  "fields": {
    "action_time": "2025-11-18T08:29:07.791Z",
    "user": [
      "admin"
    ],
    "content_type": [
      "models_relations",
      "passport"
    ],
    "object_id": "3",
    "object_repr": "44 from Donna",
    "action_flag": 1,
    "change_message": "[{\"added\": {}}]"
  }
},
{
  "model": "admin.logentry",
  "pk": 18,
  "fields": {
    "action_time": "2025-11-18T08:31:33.457Z",
    "user": [
      "admin"
    ],
    "content_type": [
      "models_relations",
      "passport"
    ],
    "object_id": "1",
    "object_repr": "123456789 from Harry",
    "action_flag": 3,
    "change_message": ""
  }
},
{
  "model": "admin.logentry",
  "pk": 19,
  "fields": {
    "action_time": "2025-11-18T08:32:02.455Z",
    "user": [
      "admin"
    ],
    "content_type": [
      "models_relations",
      "person"
    ],
    "object_id": "4",
    "object_repr": "Larry",
    "action_flag": 3,
    "change_message": ""
  }
},
{
  "model": "admin.logentry",
  "pk": 20,
  "fields": {
    "action_time": "2025-11-24T09:21:07.280Z",
    "user": [
      "admin"
    ],
    "content_type": [
      "auth",
      "user"
    ],
    "object_id": "2",
    "object_repr": "Luffy",
    "action_flag": 3,
    "change_message": ""
  }
},
{
  "model": "admin.logentry",
  "pk": 21,
  "fields": {
    "action_time": "2025-11-24T11:18:33.117Z",
    "user": [
      "admin"
    ],
    "content_type": [
      "auth",
      "user"
    ],
    "object_id": "6",
    "object_repr": "Chooper",
    "action_flag": 2,
    "change_message": "[{\"changed\": {\"fields\": [\"Staff status\", \"User permissions\"]}}]"
  }
},
{
  "model": "admin.logentry",
  "pk": 22,
  "fields": {
    "action_time": "2025-11-25T10:02:26.572Z",
    "user": [
      "admin"
    ],
    "content_type": [
      "auth",
      "user"
    ],
    "object_id": "6",
    "object_repr": "Chooper",
    "action_flag": 2,
    "change_message": "[{\"changed\": {\"fields\": [\"User permissions\"]}}]"
  }
},
{
  "model": "admin.logentry",
  "pk": 23,
  "fields": {
    "action_time": "2025-11-25T10:03:09.738Z",
    "user": [
      "Chooper"
    ],
    "content_type": [
      "movies",
      "movie"
    ],
    "object_id": "2",
    "object_repr": "Matrix (1999)",
    "action_flag": 2,
    "change_message": "[]"
  }
},
{
  "model": "admin.logentry",
  "pk": 24,
  "fields": {
    "action_time": "2025-11-25T10:05:08.108Z",
    "user": [
      "admin"
    ],
    "content_type": [
      "auth",
      "group"
    ],
    "object_id": "1",
    "object_repr": "Movie Hero",
    "action_flag": 1,
    "change_message": "[{\"added\": {}}]"
  }
},
{
  "model": "admin.logentry",
  "pk": 25,
  "fields": {
    "action_time": "2025-11-25T10:05:29.817Z",
    "user": [
      "admin"
    ],
    "content_type": [
      "auth",
      "user"
    ],
    "object_id": "6",
    "object_repr": "Chooper",
    "action_flag": 2,
    "change_message": "[{\"changed\": {\"fields\": [\"Groups\", \"User permissions\"]}}]"
  }
},
{
  "model": "movies.movie",
  "pk": 1,
  "fields": {
    "created_by": [
      "admin"
    ],
    "title": "Inception",
    "year": 2010,
    "director": "Christopher Nolan",
    "lead_actor": "Leonardo Di Caprio",
    "video_file": "videos/water.mp4",
    "youtube_url": null,
    "created_at": "2025-11-25T08:43:24.158Z",
    "poster": "posters/inception.webp"
  }
},
{
  "model": "movies.movie",
  "pk": 2,
  "fields": {
    "created_by": [
      "admin"
    ],
    "title": "Matrix",
    "year": 1999,
    "director": "Wachowski Sisters",
    "lead_actor": "Keanu Reeves",
    "video_file": "",
    "youtube_url": "https://www.youtube.com/watch?v=vKQi3bBA1y8",
    "created_at": "2025-11-25T09:22:10.619Z",
    "poster": "posters/matrix.webp"
  }
},
{
  "model": "movies.movie",
  "pk": 3,
  "fields": {
    "created_by": [
      "admin"
    ],
    "title": "Four Weddings and a Funeral",
    "year": 1994,
    "director": "Mike Newell",
    "lead_actor": "Hugh Grant",
    "video_file": "",
    "youtube_url": "https://www.youtube.com/watch?v=g-HeV8Z6iXc",
    "created_at": "2025-11-26T08:13:46.517Z",
    "poster": "posters/4weddings.jpg"
  }
},
{
  "model": "movies.movie",
  "pk": 4,
  "fields": {
    "created_by": [
      "admin"
    ],
    "title": "Le Professionel",
    "year": 1981,
    "director": "Georges Lautner",
    "lead_actor": "Jean-Paul Belmondo",
    "video_file": "",
    "youtube_url": "https://www.youtube.com/watch?v=IFQW1EMs3KU",
    "created_at": "2025-11-26T09:38:15.862Z",
    "poster": "posters/le-professionel.jpg"
  }
},
{
  "model": "movies.movie",
  "pk": 5,
  "fields": {
    "created_by": [
      "admin"
    ],
    "title": "Il mio nome è Nessuno",
    "year": 1973,
    "director": "Tonino Valerii",
    "lead_actor": "Terence Hill",
    "video_file": "",
    "youtube_url": "https://www.youtube.com/watch?v=BGAIV7F2_Gs",
    "created_at": "2025-11-26T10:36:49.456Z",
    "poster": "posters/nobody.jpg"
  }
}
]
